Model,Accuracy,Precision,Recall,F1-score
CNN,0.6912000179290771,0.6966154816399919,0.6912,0.6925854038941852
ResNet50,0.8804000020027161,0.8828073565931612,0.8804,0.879609066320255
